Datetime,Water Level (m)
2025-02-14 00:00:00,-0.558131
2025-02-14 01:00:00,-0.3678309
2025-02-14 02:00:00,-0.18360138
2025-02-14 03:00:00,-0.040171765
2025-02-14 04:00:00,0.013378616
2025-02-14 05:00:00,-0.050494537
2025-02-14 06:00:00,-0.19973889
2025-02-14 07:00:00,-0.39176744
2025-02-14 08:00:00,-0.565909
2025-02-14 09:00:00,-0.70093185
2025-02-14 10:00:00,-0.7438095
2025-02-14 11:00:00,-0.67481476
2025-02-14 12:00:00,-0.50544745
2025-02-14 13:00:00,-0.28293723
2025-02-14 14:00:00,-0.059070423
2025-02-14 15:00:00,0.1099258
2025-02-14 16:00:00,0.17967726
2025-02-14 17:00:00,0.13926107
2025-02-14 18:00:00,-0.014130842
2025-02-14 19:00:00,-0.24170277
2025-02-14 20:00:00,-0.46828982
2025-02-14 21:00:00,-0.6608785
2025-02-14 22:00:00,-0.77460366
2025-02-14 23:00:00,-0.77567214
2025-02-15 00:00:00,-0.6582756
2025-02-15 01:00:00,-0.46649414
2025-02-15 02:00:00,-0.26253274
2025-02-15 03:00:00,-0.08911261
2025-02-15 04:00:00,0.013976138
2025-02-15 05:00:00,0.008390088
2025-02-15 06:00:00,-0.09319375
2025-02-15 07:00:00,-0.2646744
2025-02-15 08:00:00,-0.45303658
2025-02-15 09:00:00,-0.6106575
2025-02-15 10:00:00,-0.69927824
2025-02-15 11:00:00,-0.6924234
2025-02-15 12:00:00,-0.580693
2025-02-15 13:00:00,-0.3825422
2025-02-15 14:00:00,-0.15966108
2025-02-15 15:00:00,0.029493283
2025-02-15 16:00:00,0.13998425
2025-02-15 17:00:00,0.1505053
2025-02-15 18:00:00,0.047168925
2025-02-15 19:00:00,-0.1454577
2025-02-15 20:00:00,-0.37153146
2025-02-15 21:00:00,-0.5714158
2025-02-15 22:00:00,-0.7161511
2025-02-15 23:00:00,-0.7716646
2025-02-16 00:00:00,-0.7130099
2025-02-16 01:00:00,-0.55880463
2025-02-16 02:00:00,-0.3564278
2025-02-16 03:00:00,-0.16525717
2025-02-16 04:00:00,-0.029761594
2025-02-16 05:00:00,0.018593924
2025-02-16 06:00:00,-0.026025053
2025-02-16 07:00:00,-0.15874954
2025-02-16 08:00:00,-0.3402135
2025-02-16 09:00:00,-0.5110361
2025-02-16 10:00:00,-0.63130975
2025-02-16 11:00:00,-0.6763855
2025-02-16 12:00:00,-0.6245561
2025-02-16 13:00:00,-0.47991827
2025-02-16 14:00:00,-0.28174406
2025-02-16 15:00:00,-0.09002806
2025-02-16 16:00:00,0.039334986
2025-02-16 17:00:00,0.09274307
2025-02-16 18:00:00,0.0462869
2025-02-16 19:00:00,-0.09892293
2025-02-16 20:00:00,-0.3008728
2025-02-16 21:00:00,-0.50585693
2025-02-16 22:00:00,-0.67144376
2025-02-16 23:00:00,-0.7612151
2025-02-17 00:00:00,-0.75326324
2025-02-17 01:00:00,-0.6458248
2025-02-17 02:00:00,-0.4711278
2025-02-17 03:00:00,-0.27662048
2025-02-17 04:00:00,-0.11746619
2025-02-17 05:00:00,-0.03457445
2025-02-17 06:00:00,-0.023072217
2025-02-17 07:00:00,-0.09438695
2025-02-17 08:00:00,-0.24001731
2025-02-17 09:00:00,-0.40581217
2025-02-17 10:00:00,-0.54335684
2025-02-17 11:00:00,-0.6216485
2025-02-17 12:00:00,-0.6266757
2025-02-17 13:00:00,-0.54063076
2025-02-17 14:00:00,-0.38343948
2025-02-17 15:00:00,-0.21142025
2025-02-17 16:00:00,-0.06753772
2025-02-17 17:00:00,0.014220758
2025-02-17 18:00:00,0.009716455
2025-02-17 19:00:00,-0.07922391
2025-02-17 20:00:00,-0.23515742
2025-02-17 21:00:00,-0.42645502
2025-02-17 22:00:00,-0.5986832
2025-02-17 23:00:00,-0.71158475
2025-02-18 00:00:00,-0.7426213
2025-02-18 01:00:00,-0.68347037
2025-02-18 02:00:00,-0.55730915
2025-02-18 03:00:00,-0.38037413
2025-02-18 04:00:00,-0.21680182
2025-02-18 05:00:00,-0.10425831
2025-02-18 06:00:00,-0.051175203
2025-02-18 07:00:00,-0.06740748
2025-02-18 08:00:00,-0.15467623
2025-02-18 09:00:00,-0.29357305
2025-02-18 10:00:00,-0.42128038
2025-02-18 11:00:00,-0.5197375
2025-02-18 12:00:00,-0.5450276
2025-02-18 13:00:00,-0.4952489
2025-02-18 14:00:00,-0.3395776
2025-02-18 15:00:00,-0.15068245
2025-02-18 16:00:00,0.013893776
2025-02-18 17:00:00,0.10455214
2025-02-18 18:00:00,0.13215587
2025-02-18 19:00:00,0.08199084
2025-02-18 20:00:00,-0.042136982
2025-02-18 21:00:00,-0.19120704
2025-02-18 22:00:00,-0.34682158
2025-02-18 23:00:00,-0.47334838
2025-02-19 00:00:00,-0.5399875
2025-02-19 01:00:00,-0.52451086
2025-02-19 02:00:00,-0.44682926
2025-02-19 03:00:00,-0.3121444
2025-02-19 04:00:00,-0.15867804
2025-02-19 05:00:00,-0.042287648
2025-02-19 06:00:00,0.04268721
2025-02-19 07:00:00,0.052607007
2025-02-19 08:00:00,0.02019281
2025-02-19 09:00:00,-0.08232469
2025-02-19 10:00:00,-0.20709784
2025-02-19 11:00:00,-0.32161593
2025-02-19 12:00:00,-0.3896338
2025-02-19 13:00:00,-0.41315812
2025-02-19 14:00:00,-0.37955573
2025-02-19 15:00:00,-0.29518765
2025-02-19 16:00:00,-0.19561127
2025-02-19 17:00:00,-0.107469305
2025-02-19 18:00:00,-0.066955864
2025-02-19 19:00:00,-0.087285765
2025-02-19 20:00:00,-0.1548186
2025-02-19 21:00:00,-0.257449
2025-02-19 22:00:00,-0.39562744
2025-02-19 23:00:00,-0.5215206
2025-02-20 00:00:00,-0.60937464
